{
  "Total" : {
    "transaction" : "Total",
    "sampleCount" : 150,
    "errorCount" : 50,
    "errorPct" : 33.333332,
    "meanResTime" : 1349.1133333333328,
    "medianResTime" : 593.5,
    "minResTime" : 312.0,
    "maxResTime" : 4463.0,
    "pct1ResTime" : 3922.7000000000003,
    "pct2ResTime" : 4295.749999999999,
    "pct3ResTime" : 4459.43,
    "throughput" : 26.983270372369134,
    "receivedKBytesPerSec" : 72.57041649802123,
    "sentKBytesPerSec" : 5.349222544522396
  },
  "login" : {
    "transaction" : "login",
    "sampleCount" : 50,
    "errorCount" : 0,
    "errorPct" : 0.0,
    "meanResTime" : 3077.3799999999997,
    "medianResTime" : 3083.0,
    "minResTime" : 1661.0,
    "maxResTime" : 4463.0,
    "pct1ResTime" : 4358.5,
    "pct2ResTime" : 4446.65,
    "pct3ResTime" : 4463.0,
    "throughput" : 11.035091591260208,
    "receivedKBytesPerSec" : 2.920419747296403,
    "sentKBytesPerSec" : 2.747996441182962
  },
  "getU" : {
    "transaction" : "getU",
    "sampleCount" : 100,
    "errorCount" : 50,
    "errorPct" : 50.0,
    "meanResTime" : 484.98,
    "medianResTime" : 467.0,
    "minResTime" : 312.0,
    "maxResTime" : 776.0,
    "pct1ResTime" : 685.5,
    "pct2ResTime" : 740.1499999999999,
    "pct3ResTime" : 776.0,
    "throughput" : 31.5955766192733,
    "receivedKBytesPerSec" : 123.28168197077409,
    "sentKBytesPerSec" : 5.461344786729858
  }
}